,,,,,,,,,NEW UI for LINKS PAGE (Now called OFFERS),,,,,,,,,,
,,,,,,,,,,,,,,,,,,,
,,,,,,,,,,,,,,,,,,,
,,,,,,,OFFER LIST,,Add Offer,,,Bulk Selection Actions: Active | Pause | Delete,,,,,,,
,,,,,,,,,,,,,,,,,,,
,,,,,,,Search Offers,,,,Status,,,Tags,,Type,,,Apple Search With Filters
,,,,,,,,,,,Drop Down - Active/Paused,,,,,Dropdown - Desktop/Mobile/All,,,
,,,,,,,,,,,,,,,,,,,
,,,,,,Sort By Last Modified,,,,,,,,,,,,,
,,,,,,,,,,,,,,,,,,,
,,,,,,CheckBox,Offer Name,Type,Status,Copy Link,Domain,Actions,,,,,,,
,,,,,,,,,,,,,,,,,,,
,,,,,,,,,,,,,,,,,,,
,,,,,,Checkbox for BulkSelect,Example_1,Desktop,Active,Click to Copy,Installmentloannbbm,Edit | Clone | Active | Pause | Delete,,,,,,,
,,,,,,,Example_2,Mobile,Paused,Click to Copy,s2stracking,Edit | Clone | Active | Pause | Delete,,,,,,,
,,,,,,,Example_3,All,Active,Click to Copy,Click2impressions,Edit | Clone | Active | Pause | Delete,,,,,,,
,,,,,,,,,,,,,,,,,,,
,,,,,,,,,,,,,,,,,,,
,,,,,,,,,,,,,,,,,,,
,,,,,,,,,,,,,,,,,,,
,,,,,,,,,,,,,,,,,,,
,,,,,,,,,,,,,,,,,,,
,,,,,,,,,,,,,,,,,,,
,,,,,,,,,,,,,,,,,,,
,,,,,,,,,,,,,,,,,,,
,,,,,,,,,,,,,,,,,,,
,RELATED TO LINKS AREA,,,,,,,,,,,,,,,,,,
,"1. Change ""Links"" on the left side Menu to ""Offers""",,,,,,,,,,,,,,,,,,
,"2. Offer Name is a new field to be introduced, on top of 'path' while creating/editing.",,,,,,,,,,,,,,,,,,
,"3. Hence, we will no longer use the word origin anywhere. This will be changed to Offers.",,,,,,,,,,,,,,,,,,
,4. We will henceforth 'search' via 'Offer name' i.e. the new field.,,,,,,,,,,,,,,,,,,
,"5. The search functionality will include following fields - 'Offer Name', 'Status', 'Tags' and 'Type'",,,,,,,,,,,,,,,,,,
,"6. New Definition of Active vs Paused Offer - if an Offer is active, activity will be normal like right now. So basically there is no meaning of active/pause right now. But when we set an offer to 'Pause', that would mean the URL, if triggered would straight go to ""redirect url""  only.",,,,,,,,,,,,,,,,,,
,"7. Domains - this is a new area. What we are trying to do is limit the use of the domains that we have added to only allowed offers. 
Hence if origin1 is allowed only for installmentloannbbm, then s2stracking.com/origin1 should display a blank page. You can give multiple selection under this. Hence only those selected domains would get approved.",,,,,,,,,,,,,,,,,,
,,,,,,,,,,,,,,,,,,,
,,,,,,,,,,,,,,,,,,,
,,,,,,,,,,,,,,,,,,,
Example:,,,,,,,,,,,,,,,,,,,
